Date,weekly runoff
2019-01-06,33.598583
2019-01-13,31.882038
2019-01-20,19.310213
2019-01-27,5.357616
2019-02-03,23.98757
2019-02-10,34.84429
2019-02-17,29.697353
2019-02-24,21.015501
2019-03-03,14.887549
2019-03-10,10.770713
2019-03-17,10.68794
2019-03-24,13.314658
2019-03-31,15.94453
2019-04-07,17.211035
2019-04-14,17.340353
2019-04-21,16.708538
2019-04-28,15.873424
2019-05-05,15.336051
2019-05-12,15.243034
2019-05-19,15.426689
2019-05-26,15.68327
2019-06-02,15.869865
2019-06-09,15.92822
2019-06-16,15.882658
2019-06-23,15.8003845
2019-06-30,15.73588
2019-07-07,15.710801
2019-07-14,15.719973
2019-07-21,15.744908
2019-07-28,15.76718
2019-08-04,15.777463
2019-08-11,15.776146
2019-08-18,15.768806
2019-08-25,15.761388
2019-09-01,15.757376
2019-09-08,15.757201
2019-09-15,15.759305
2019-09-22,15.761735
2019-09-29,15.763224
2019-10-06,15.76348
2019-10-13,15.76291
2019-10-20,15.762129
2019-10-27,15.761591
2019-11-03,15.761444
2019-11-10,15.761588
2019-11-17,15.761833
2019-11-24,15.762023
2019-12-01,15.762091
2019-12-08,15.762058
2019-12-15,15.761984
2019-12-22,15.761919
2019-12-29,15.761889
2020-01-05,15.761895
2020-01-12,15.761917
2020-01-19,15.761939
2020-01-26,15.761951
2020-02-02,15.761951
2020-02-09,15.761944
2020-02-16,15.761937
2020-02-23,15.761932
2020-03-01,15.761932
2020-03-08,15.761933
2020-03-15,15.761936
2020-03-22,15.761938
2020-03-29,15.761938
2020-04-05,15.761938
2020-04-12,15.761937
2020-04-19,15.761937
2020-04-26,15.761936
2020-05-03,15.761936
2020-05-10,15.761937
2020-05-17,15.761937
2020-05-24,15.761937
2020-05-31,15.761937
2020-06-07,15.761937
2020-06-14,15.761937
2020-06-21,15.761937
2020-06-28,15.761937
2020-07-05,15.761937
2020-07-12,15.761937
2020-07-19,15.761937
2020-07-26,15.761937
2020-08-02,15.761937
2020-08-09,15.761937
2020-08-16,15.761937
2020-08-23,15.761937
2020-08-30,15.761937
2020-09-06,15.761937
2020-09-13,15.761937
2020-09-20,15.761937
2020-09-27,15.761937
2020-10-04,15.761937
2020-10-11,15.761937
2020-10-18,15.761937
2020-10-25,15.761937
2020-11-01,15.761937
2020-11-08,15.761937
2020-11-15,15.761937
2020-11-22,15.761937
2020-11-29,15.761937
2020-12-06,15.761937
2020-12-13,15.761937
2020-12-20,15.761937
2020-12-27,15.761937
2021-01-03,15.761937
2021-01-10,15.761937
2021-01-17,15.761937
2021-01-24,15.761937
2021-01-31,15.761937
2021-02-07,15.761937
2021-02-14,15.761937
2021-02-21,15.761937
2021-02-28,15.761937
2021-03-07,15.761937
2021-03-14,15.761937
2021-03-21,15.761937
2021-03-28,15.761937
2021-04-04,15.761937
2021-04-11,15.761937
2021-04-18,15.761937
2021-04-25,15.761937
2021-05-02,15.761937
2021-05-09,15.761937
2021-05-16,15.761937
2021-05-23,15.761937
2021-05-30,15.761937
2021-06-06,15.761937
2021-06-13,15.761937
2021-06-20,15.761937
2021-06-27,15.761937
2021-07-04,15.761937
2021-07-11,15.761937
2021-07-18,15.761937
2021-07-25,15.761937
2021-08-01,15.761937
2021-08-08,15.761937
2021-08-15,15.761937
2021-08-22,15.761937
2021-08-29,15.761937
2021-09-05,15.761937
2021-09-12,15.761937
2021-09-19,15.761937
2021-09-26,15.761937
2021-10-03,15.761937
2021-10-10,15.761937
2021-10-17,15.761937
2021-10-24,15.761937
2021-10-31,15.761937
2021-11-07,15.761937
2021-11-14,15.761937
2021-11-21,15.761937
2021-11-28,15.761937
2021-12-05,15.761937
2021-12-12,15.761937
2021-12-19,15.761937
2021-12-26,15.761937
2022-01-02,15.761937
2022-01-09,15.761937
2022-01-16,15.761937
2022-01-23,15.761937
2022-01-30,15.761937
2022-02-06,15.761937
2022-02-13,15.761937
2022-02-20,15.761937
2022-02-27,15.761937
2022-03-06,15.761937
2022-03-13,15.761937
2022-03-20,15.761937
2022-03-27,15.761937
2022-04-03,15.761937
2022-04-10,15.761937
2022-04-17,15.761937
2022-04-24,15.761937
2022-05-01,15.761937
2022-05-08,15.761937
2022-05-15,15.761937
2022-05-22,15.761937
2022-05-29,15.761937
2022-06-05,15.761937
2022-06-12,15.761937
2022-06-19,15.761937
2022-06-26,15.761937
2022-07-03,15.761937
2022-07-10,15.761937
2022-07-17,15.761937
2022-07-24,15.761937
2022-07-31,15.761937
2022-08-07,15.761937
2022-08-14,15.761937
2022-08-21,15.761937
2022-08-28,15.761937
2022-09-04,15.761937
2022-09-11,15.761937
2022-09-18,15.761937
2022-09-25,15.761937
2022-10-02,15.761937
2022-10-09,15.761937
2022-10-16,15.761937
2022-10-23,15.761937
2022-10-30,15.761937
2022-11-06,15.761937
2022-11-13,15.761937
2022-11-20,15.761937
2022-11-27,15.761937
2022-12-04,15.761937
2022-12-11,15.761937
2022-12-18,15.761937
2022-12-25,15.761937
2023-01-01,15.761937
2023-01-08,15.761937
2023-01-15,15.761937
2023-01-22,15.761937
2023-01-29,15.761937
2023-02-05,15.761937
2023-02-12,15.761937
2023-02-19,15.761937
2023-02-26,15.761937
2023-03-05,15.761937
2023-03-12,15.761937
2023-03-19,15.761937
2023-03-26,15.761937
2023-04-02,15.761937
2023-04-09,15.761937
2023-04-16,15.761937
2023-04-23,15.761937
2023-04-30,15.761937
2023-05-07,15.761937
2023-05-14,15.761937
2023-05-21,15.761937
2023-05-28,15.761937
2023-06-04,15.761937
2023-06-11,15.761937
2023-06-18,15.761937
2023-06-25,15.761937
2023-07-02,15.761937
2023-07-09,15.761937
2023-07-16,15.761937
2023-07-23,15.761937
2023-07-30,15.761937
2023-08-06,15.761937
2023-08-13,15.761937
2023-08-20,15.761937
2023-08-27,15.761937
2023-09-03,15.761937
2023-09-10,15.761937
2023-09-17,15.761937
2023-09-24,15.761937
2023-10-01,15.761937
2023-10-08,15.761937
2023-10-15,15.761937
2023-10-22,15.761937
2023-10-29,15.761937
2023-11-05,15.761937
2023-11-12,15.761937
2023-11-19,15.761937
2023-11-26,15.761937
2023-12-03,15.761937
2023-12-10,15.761937
2023-12-17,15.761937
2023-12-24,15.761937
2023-12-31,15.761937
2024-01-07,15.761937
2024-01-14,15.761937
2024-01-21,15.761937
2024-01-28,15.761937
2024-02-04,15.761937
2024-02-11,15.761937
2024-02-18,15.761937
2024-02-25,15.761937
2024-03-03,15.761937
2024-03-10,15.761937
2024-03-17,15.761937
2024-03-24,15.761937
2024-03-31,15.761937
2024-04-07,15.761937
2024-04-14,15.761937
2024-04-21,15.761937
2024-04-28,15.761937
2024-05-05,15.761937
2024-05-12,15.761937
2024-05-19,15.761937
2024-05-26,15.761937
2024-06-02,15.761937
2024-06-09,15.761937
2024-06-16,15.761937
2024-06-23,15.761937
2024-06-30,15.761937
2024-07-07,15.761937
2024-07-14,15.761937
2024-07-21,15.761937
2024-07-28,15.761937
2024-08-04,15.761937
2024-08-11,15.761937
2024-08-18,15.761937
2024-08-25,15.761937
2024-09-01,15.761937
2024-09-08,15.761937
2024-09-15,15.761937
2024-09-22,15.761937
2024-09-29,15.761937
2024-10-06,15.761937
2024-10-13,15.761937
2024-10-20,15.761937
2024-10-27,15.761937
2024-11-03,15.761937
2024-11-10,15.761937
2024-11-17,15.761937
2024-11-24,15.761937
2024-12-01,15.761937
2024-12-08,15.761937
2024-12-15,15.761937
2024-12-22,15.761937
2024-12-29,15.761937
2025-01-05,15.761937
2025-01-12,15.761937
2025-01-19,15.761937
2025-01-26,15.761937
2025-02-02,15.761937
2025-02-09,15.761937
2025-02-16,15.761937
2025-02-23,15.761937
2025-03-02,15.761937
2025-03-09,15.761937
2025-03-16,15.761937
2025-03-23,15.761937
2025-03-30,15.761937
2025-04-06,15.761937
2025-04-13,15.761937
2025-04-20,15.761937
2025-04-27,15.761937
2025-05-04,15.761937
2025-05-11,15.761937
2025-05-18,15.761937
2025-05-25,15.761937
2025-06-01,15.761937
2025-06-08,15.761937
2025-06-15,15.761937
2025-06-22,15.761937
2025-06-29,15.761937
2025-07-06,15.761937
2025-07-13,15.761937
2025-07-20,15.761937
2025-07-27,15.761937
2025-08-03,15.761937
2025-08-10,15.761937
2025-08-17,15.761937
2025-08-24,15.761937
2025-08-31,15.761937
2025-09-07,15.761937
2025-09-14,15.761937
2025-09-21,15.761937
2025-09-28,15.761937
2025-10-05,15.761937
2025-10-12,15.761937
2025-10-19,15.761937
2025-10-26,15.761937
2025-11-02,15.761937
2025-11-09,15.761937
2025-11-16,15.761937
2025-11-23,15.761937
2025-11-30,15.761937
2025-12-07,15.761937
2025-12-14,15.761937
2025-12-21,15.761937
2025-12-28,15.761937
2026-01-04,15.761937
2026-01-11,15.761937
2026-01-18,15.761937
2026-01-25,15.761937
2026-02-01,15.761937
2026-02-08,15.761937
2026-02-15,15.761937
2026-02-22,15.761937
2026-03-01,15.761937
2026-03-08,15.761937
2026-03-15,15.761937
2026-03-22,15.761937
2026-03-29,15.761937
2026-04-05,15.761937
2026-04-12,15.761937
2026-04-19,15.761937
2026-04-26,15.761937
2026-05-03,15.761937
2026-05-10,15.761937
2026-05-17,15.761937
2026-05-24,15.761937
2026-05-31,15.761937
2026-06-07,15.761937
2026-06-14,15.761937
2026-06-21,15.761937
2026-06-28,15.761937
2026-07-05,15.761937
2026-07-12,15.761937
2026-07-19,15.761937
2026-07-26,15.761937
2026-08-02,15.761937
2026-08-09,15.761937
2026-08-16,15.761937
2026-08-23,15.761937
2026-08-30,15.761937
2026-09-06,15.761937
2026-09-13,15.761937
2026-09-20,15.761937
2026-09-27,15.761937
2026-10-04,15.761937
2026-10-11,15.761937
2026-10-18,15.761937
2026-10-25,15.761937
2026-11-01,15.761937
2026-11-08,15.761937
2026-11-15,15.761937
2026-11-22,15.761937
2026-11-29,15.761937
2026-12-06,15.761937
2026-12-13,15.761937
2026-12-20,15.761937
2026-12-27,15.761937
2027-01-03,15.761937
2027-01-10,15.761937
2027-01-17,15.761937
2027-01-24,15.761937
2027-01-31,15.761937
2027-02-07,15.761937
2027-02-14,15.761937
2027-02-21,15.761937
2027-02-28,15.761937
2027-03-07,15.761937
2027-03-14,15.761937
2027-03-21,15.761937
2027-03-28,15.761937
2027-04-04,15.761937
2027-04-11,15.761937
2027-04-18,15.761937
2027-04-25,15.761937
2027-05-02,15.761937
2027-05-09,15.761937
2027-05-16,15.761937
2027-05-23,15.761937
2027-05-30,15.761937
2027-06-06,15.761937
2027-06-13,15.761937
2027-06-20,15.761937
2027-06-27,15.761937
2027-07-04,15.761937
2027-07-11,15.761937
2027-07-18,15.761937
2027-07-25,15.761937
2027-08-01,15.761937
2027-08-08,15.761937
2027-08-15,15.761937
